Identifiant société,Id facture,Total TTC,
2,1,194.12000000,
3,2,66.03000000,
3,3,-66.03000000,
7,4,0.00000000,
2,9,15.90000000,
2,10,153.90000000,
1,12,40.86000000,
2,13,74.70000000,
3,14,23.90000000,
3,15,50.00000000,
3,16,17.50000000,
3,17,71.70000000,
3,18,119.51000000,
3,19,133.40000000,
